{"cameraMode":{"drawMode":0,"name":"Shaded","section":"Shading Mode"},"sceneLighting":true,"audioPlay":false,"sceneViewState":{"m_AlwaysRefresh":false,"showFog":true,"showSkybox":true,"showFlares":true,"showImageEffects":true,"showParticleSystems":true,"showVisualEffectGraphs":true,"m_FxEnabled":true},"in2DMode":false,"pivot":{"x":-0.12034273147583008,"y":2.360740900039673,"z":-0.7275853157043457},"rotation":{"x":-0.0398780032992363,"y":0.9275609254837036,"z":-0.10367503762245178,"w":-0.35678112506866457},"size":14.656105041503907,"orthographic":false}